,r2,mae,mse,rmse
final,0.23585174851780222,0.5398058252427185,0.9087378640776699,0.9532774329006587
